{
  "balance": 992.9971144801693,
  "realized_pnl": -7.0028855198308,
  "open_positions": 2,
  "daily_loss_limit": -100
}