{
  "balance": 997.4306236286313,
  "realized_pnl": -2.5693763713687483,
  "open_positions": 1,
  "daily_loss_limit": -100
}