{
  "balance": 983.6442416603408,
  "realized_pnl": -16.355758339659218,
  "open_positions": 1,
  "daily_loss_limit": -100
}