{
  "balance": 992.3774255978291,
  "realized_pnl": -7.622574402170855,
  "open_positions": 2,
  "daily_loss_limit": -100
}