{
  "balance": 996.2351410624198,
  "realized_pnl": -3.7648589375803256,
  "open_positions": 1,
  "daily_loss_limit": -100
}