{
  "balance": 1001.8251981685827,
  "realized_pnl": 1.8251981685826026,
  "open_positions": 1,
  "daily_loss_limit": -100
}