{
  "balance": 991.8069461447923,
  "realized_pnl": -8.193053855207802,
  "open_positions": 1,
  "daily_loss_limit": -100
}