{
  "balance": 1000.6246999418947,
  "realized_pnl": 0.624699941894626,
  "open_positions": 1,
  "daily_loss_limit": -100
}