{
  "balance": 998.6273781051908,
  "realized_pnl": -1.37262189480922,
  "open_positions": 1,
  "daily_loss_limit": -100
}