{
  "balance": 989.9999999999684,
  "realized_pnl": -10.000000000031587,
  "open_positions": 1,
  "daily_loss_limit": -100
}