{
  "balance": 991.1879999999761,
  "realized_pnl": -8.812000000023819,
  "open_positions": 1,
  "daily_loss_limit": -100
}